Type,Title,Headline 
epidemic,England s COVID R number dips epidemic could be shrinking Reuters UK,England s COVID    weekly reproduction  R  number was estimated to have fallen to between     and     the government said on Friday and the epidemic could be shrinking in the country 
epidemic,Scam ?pidemic? Big tech firms must join fight says Nationwide chief,Building society launches pre payment hotline after bank transfer scams rise sharply during pandemicTechnology telecoms and social media companies should take more responsibility for stopping scams as the problem reaches  epidemic proportions  the UK s bigg 
epidemic,Is There Really a ?oneliness Epidemic?(Ep 407 Rebroadcast),That s what some health officials are saying but the data aren t so clear We look into what s known  and not known  about the prevalence and effects of loneliness   including the possible upsides  The post Is There Really a  Loneliness Epidemic   Ep     R 
epidemic,Top Stories this AM: The man at the helm of Evergrande epidemic numbers of SF police apply for vaccine exemptions 100 000 Oreos really,Evergrande s founder Hui Ka Yan is still worth around      billion despite the company s epic struggles 
epidemic,Combatting the U S military s silent epidemic,In part two of our two year CBS News investigation an advocate who s worked with hundreds of domestic violence victims says resources offered by the 
epidemic,An Epidemic of Wage Theft Is Costing Workers Hundreds of Millions a Year,Millions of Americans struggle to get by on low wages often without any benefits such as paid sick leave a pension or even health insurance Their difficult lives are made immeasurably harder when they do the work they have been hired to do but their empl 
epidemic,Where is the scrutiny over FDA? role in the overdose epidemic ,As Big Pharma reckons with opioids the FDA must explain in detail where the process went wrong and what steps the agency is taking to make sure such a disaster never occurs again 
epidemic,US police shoot dogs so often that a Justice Department says it s an ?pidemic?American law enforcement agencies employ dogs to do their detective work and dirty work Yet dogs get killed by cops an awful lot ,
epidemic,Femicides in the US: the silent epidemic few dare to name,The death of Gabby Petito draws attention to a form of widespread gendered violence in the US that has long been hiding in plain sightThe last week of July as Gabby Petito and her fiance Brian Laundrie posted Instagram photos of themselves hiking barefoot  
epidemic, Intervention Host Ken Seeley Explains Fentanyl Epidemic Comedian Deaths, Intervention  host Ken Seeley says fentanyl laced drugs are contributing greatly to the epidemic of overdoses and the recent deaths of   comedians prove dealers are playing a dangerous game The renowned addiction specialist told us on Tuesday s 
epidemic,How Black Women Have Fought the HIV Epidemic for Decades,The Black women members of the President s Advisory Council on HIV AIDS  PACHA  are far from the first to bring their expertise to the HIV epidemic as Daniel Royles PhD an assistant professor of history at Florida International University learned when he  
epidemic,The Pandemic Epidemic of Loneliness,Loneliness makes it more likely that we are more sensitive to threats  As a result we may become more hostile to those around us thus further pushing people away 
epidemic,Is Social Media Causing a Mass Psychogenic Epidemic ,Can social media make young people believe they have a neurological disease New research suggests that it can 
epidemic,Here s why businesses should care about the smishing epidemic,Consumers expect brands to do more to protect them against fraudsters 
epidemic,When Vacations Aren? Enough: The Employee Burnout Epidemic,An overwhelming number of employees have experienced burnout over the past year according to a recent survey 
epidemic,Lots Of Talk About A Crackdown On America? Air Rage Epidemic?ut Not Enough Action,The vast majority of unruly passengers are never investigated and only a tiny fraction of offenders are fined 
epidemic,Our Experts?Epidemic Of Incompetence,Blame China for its Covid    coverup all you want but America s expert class could share at least some culpability for the pandemic  The post Our Experts  Epidemic Of Incompetence appeared first on The American Conservative 
epidemic,From Epidemic to Pandemic to Endemic,VOA Learning English presents news features audio video and multimedia about the U S and the world in American English Stories are written at the intermediate and upper beginner level Words are spoken one third slower for ESL learners 
epidemic,Childhood Obesity: The Other Epidemic,The CCP is willing to take a growing crisis seriously Are we  The post Childhood Obesity  The Other Epidemic appeared first on The American Conservative 
epidemic,Gun violence: America s other epidemic,As young people with weapons perpetuate cycles of violence and retaliation officials and advocates in Baltimore are working to stop the contagion of violence 
