Title,Headline ,
Mont閑 des mers: les salins d Hy鑢es font sauter les digues et laissent faire,Hy res Sur la touristique C te d Azur les Vieux Salins d Hy res derni re zone humide entre la Camargue et l Italie ont fait sauter deux kilom tres de rochers artificiels et choisi de laisser la mer faire Tr s vite une plage s est redessin e et tout un  ,
Un sous marin d exploration 閘ectrique veut devenir le SpaceX des mers,Les robots sont   l avant garde de l effort de cartographie des oc ans du monde ,
Nautilus : Disney commande une s閞ie t閘関is閑 bas閑 sur Vingt Mille Lieues sous les mers,Le film adaptant le roman d aventures fantastiques Vingt Mille Lieues sous les mers est abandonn  pour devenir une s rie ,
Les ailes de mon 鈓e ?tous les vents des mers ,Les voiles marines ne sont elles pas le symbole m me du voyage de l  vasion Le voyage a inspir  tant de po tes au     me si cle depuis les auteurs romantiques jusqu   Baudelaire L exotisme est un th me r current dans la litt rature du     me si cle   ,
Disney+ commande une nouvelle s閞ie tir閑 de 20 000 Lieux Sous Les Mers,La plateforme de streaming vient de commander une nouvelle adaptation du roman de Jules Verne sous forme de mini s rie de     pisodes ,
Type,Title,Headline 
Mers,Sabah CM wants SOP for MERS 999 to be changed following Penampang fire tragedy,KOTA KINABALU  It is high time for standard operating procedures  SOP  of the Malaysian Emergency Response System  MERS      be changed said Chief Minister Datuk Seri Hajiji Noor Read full story
Mers,SARS CoV 2 and MERS CoV biomarkers for disease outcome | JIR Dove Medical Press, ol  li SARS CoV   and MERS CoV biomarkers for disease outcome   JIR  Dove Medical Press    li  li Explained  How deadly is the new COVID    variant C       Moneycontrol    li  li What happens when the COVID    vaccines enter the body   a road map for kids an 
Mers,Former FDA Commissioner: Fauci funded gain of function on EVEN DEADLIER MERS like coronaviruses,
